{"cameraMode":{"drawMode":0,"name":"Shaded","section":"Shading Mode"},"sceneLighting":true,"audioPlay":false,"sceneViewState":{"showFog":true,"showMaterialUpdate":false,"showSkybox":true,"showFlares":true,"showImageEffects":true,"showParticleSystems":true},"in2DMode":false,"pivot":{"x":-1615.201171875,"y":3158.10595703125,"z":1155.8447265625},"rotation":{"x":0.011343528516590596,"y":-0.9806557297706604,"z":0.1860586255788803,"w":0.05979420244693756},"size":11514.763671875,"orthographic":true}